{
  "mean_abs_diff": 20.280046296296295,
  "rms_diff": 47.241428314455256
}
