{
  "mean_abs_diff": 19.78032298900463,
  "rms_diff": 47.181793640280404
}
