{
  "mean_abs_diff": 20.57942780671296,
  "rms_diff": 48.29308893864743
}
