{
  "mean_abs_diff": 20.438578920717593,
  "rms_diff": 47.47323727891497
}
