{
  "mean_abs_diff": 18.221113281250002,
  "rms_diff": 44.02798969509549
}
