{
  "mean_abs_diff": 20.46984447337963,
  "rms_diff": 47.51129540254134
}
