{
  "mean_abs_diff": 19.877009186921295,
  "rms_diff": 46.67375934676364
}
