{
  "mean_abs_diff": 20.133667173032407,
  "rms_diff": 47.01540244953051
}
